<?xml version="1.0" encoding="UTF-8"?>
<beans xmlns="http://www.springframework.org/schema/beans"
	xmlns:xsi="http://www.w3.org/2001/XMLSchema-instance"
	xmlns:p="http://www.springframework.org/schema/p"
	xsi:schemaLocation="http://www.springframework.org/schema/beans
 http://www.springframework.org/schema/beans/spring-beans.xsd">
 	<bean class="springfirstaap.Employee" name="employee">
		<property name="name" value="Sandeep"/>
		<property name="email" value="Sandeep@yash.com"></property>
	</bean>
	<bean class="springfirstaap.Employee" name="employee1">
		<property name="name" value="Deep"/>
		<property name="email" value="deep@yash.com"></property>
	</bean>
	<bean class="springfirstaap.Employee" name="employee2" p:name="Ross" p:email="ross@yash.co "/>
</beans>