<?xml version="1.0" encoding="UTF-8"?>
<beans xmlns="http://www.springframework.org/schema/beans"
	xmlns:xsi="http://www.w3.org/2001/XMLSchema-instance"
	xmlns:p="http://www.springframework.org/schema/p"
	xsi:schemaLocation="http://www.springframework.org/schema/beans
 http://www.springframework.org/schema/beans/spring-beans.xsd">
	<bean class="springCollectionCons.Employee" name="emp">
		<constructor-arg>
			<list>
				<value>Sandeep</value>
				<value>Deepak</value>
				<value>Sourav</value>
			</list>
		</constructor-arg>
		<constructor-arg>
			<set>
				<value>BG14B5</value>
				<value>BG15B4</value>
				<value>BG14B6</value>
			</set>
		</constructor-arg>
		<constructor-arg>
			<map>
				<entry key="1" value="SAP" />
				<entry key="2" value="FRONTEND" />
				<entry key="3" value="BACKEND" />
			</map>
		</constructor-arg>
	</bean>

</beans>